<?xml version="1.0" encoding="UTF-8"?>
<!DOCTYPE MIME-resolver PUBLIC "-//NetBeans//DTD MIME Resolver 1.1//EN" "http://www.netbeans.org/dtds/mime-resolver-1_1.dtd">
<MIME-resolver>
    <file>
        <ext name="install"/>
        <ext name="module"/>
        <ext name="test"/>
        <ext name="engine"/>
        <ext name="theme"/>
        <ext name="profile"/>
        <resolver mime="text/x-php5"/>
    </file>
    <file>
        <ext name="po"/>
        <ext name="info"/>
        <resolver mime="text/plain"/>
    </file>
</MIME-resolver>
